{
	"partitions" : [
		{
			"name" : "Top",
			"pins" : [
				{
					"name" : "dataOut[0]",
					"strict" : false
				},
				{
					"name" : "dataOut[1]",
					"strict" : false
				},
				{
					"name" : "dataIn[0]",
					"strict" : false
				},
				{
					"name" : "reset",
					"strict" : false
				},
				{
					"name" : "clk",
					"strict" : false
				},
				{
					"name" : "enable",
					"strict" : false
				},
				{
					"name" : "dataIn[1]",
					"strict" : false
				}
			]
		}
	]
}